Type,Name,Request Count,Failure Count,Median Response Time,Average Response Time,Min Response Time,Max Response Time,Average Content Size,Requests/s,Failures/s,50%,66%,75%,80%,90%,95%,98%,99%,99.9%,99.99%,100%
POST,/auth/login,100,0,6200.0,10076.382239999932,3303.8620999996056,18182.77280000075,930.0,0.8379863746258599,0.0,6200,15000,16000,17000,18000,18000,18000,18000,18000,18000,18000
GET,/auth/me,682,0,280.0,519.223607624636,263.59709999996994,3135.4114999994636,1423.0,5.715067074948364,0.0,280,290,290,300,1100,3000,3100,3100,3100,3100,3100
GET,/products,2036,0,43,63.03317603143491,36.8730999998661,3068.48490000084,44090.0,17.061402587382506,0.0,43,45,47,48,54,66,84,100,3000,3100,3100
GET,/products/search?q=phone,1346,0,290.0,556.0781694651004,263.9597999987018,3152.2518999991007,37282.0,11.279296602464074,0.0,290,290,320,380,1500,3000,3100,3100,3100,3200,3200
,Aggregated,4164,0,270.0,537.599780715663,36.8730999998661,18182.77280000075,33864.624879923154,34.8937526394208,0.0,270,280,290,290,450,3000,6100,6200,18000,18000,18000
